{
  "forge_marker": 1,
  "defaults": {
    "model": "orientable",
    "textures": {
      "particle": "refinedstorage:blocks/controller_0",
      "side": "refinedstorage:blocks/controller_0",
      "top": "refinedstorage:blocks/controller_0",
      "front": "refinedstorage:blocks/controller_0"
    }
  },
  "variants": {
    "energy": {
      "0": {
        "textures": {
          "front": "refinedstorage:blocks/controller_0"
        }
      },
      "1": {
        "textures": {
          "side": "refinedstorage:blocks/controller_1",
          "top": "refinedstorage:blocks/controller_1",
          "front": "refinedstorage:blocks/controller_1"
        }
      },
      "2": {
        "textures": {
          "side": "refinedstorage:blocks/controller_2",
          "top": "refinedstorage:blocks/controller_2",
          "front": "refinedstorage:blocks/controller_2"
        }
      },
      "3": {
        "textures": {
          "side": "refinedstorage:blocks/controller_on",
          "top": "refinedstorage:blocks/controller_on",
          "front": "refinedstorage:blocks/controller_on"
        }
      },
      "4": {
        "textures": {
          "side": "refinedstorage:blocks/controller_on",
          "top": "refinedstorage:blocks/controller_on",
          "front": "refinedstorage:blocks/controller_on"
        }
      },
      "5": {
        "textures": {
          "side": "refinedstorage:blocks/controller_on",
          "top": "refinedstorage:blocks/controller_on",
          "front": "refinedstorage:blocks/controller_on"
        }
      },
      "6": {
        "textures": {
          "side": "refinedstorage:blocks/controller_on",
          "top": "refinedstorage:blocks/controller_on",
          "front": "refinedstorage:blocks/controller_on"
        }
      },
      "7": {
        "textures": {
          "side": "refinedstorage:blocks/controller_on",
          "top": "refinedstorage:blocks/controller_on",
          "front": "refinedstorage:blocks/controller_on"
        }
      }
    },
    "direction": {
      "north": {
        "y": 0
      },
      "east": {
        "y": 90
      },
      "south": {
        "y": 180
      },
      "west": {
        "y": 270
      },
      "up": {
        "x": 270
      },
      "down": {
        "x": 90
      }
    }
  }
}