{
  "forge_marker": 1,
  "defaults": {
    "model": "cube_all",
    "transform": "forge:default-block"
  },
  "variants": {
    "type": {
      "64k": {
        "textures": {
          "all": "refinedstorage:blocks/64k_fluid_storage_block"
        }
      },
      "128k": {
        "textures": {
          "all": "refinedstorage:blocks/128k_fluid_storage_block"
        }
      },
      "256k": {
        "textures": {
          "all": "refinedstorage:blocks/256k_fluid_storage_block"
        }
      },
      "512k": {
        "textures": {
          "all": "refinedstorage:blocks/512k_fluid_storage_block"
        }
      },
      "creative": {
        "textures": {
          "all": "refinedstorage:blocks/creative_fluid_storage_block"
        }
      }
    }
  }
}