{
  "forge_marker": 1,
  "defaults": {
    "model": "orientable",
    "textures": {
      "side": "refinedstorage:blocks/side",
      "top": "refinedstorage:blocks/side",
      "front": "refinedstorage:blocks/disk_manipulator_disconnected"
    }
  },
  "variants": {
    "inventory": [
      {
        "y": 0
      }
    ],
    "connected": {
      "true": {
        "textures": {
          "front": "refinedstorage:blocks/disk_manipulator_connected"
        }
      },
      "false": {
      }
    },
    "direction": {
      "north": {
        "y": 0
      },
      "east": {
        "y": 90
      },
      "south": {
        "y": 180
      },
      "west": {
        "y": 270
      },
      "up": {
        "x": 270
      },
      "down": {
        "x": 90
      }
    }
  }
}