{
  "parent": "block/block",
  "textures": {
    "particle": "refinedstorage:blocks/disk_manipulator_disconnected",
    "front": "refinedstorage:blocks/disk_manipulator_disconnected",
    "bottom": "refinedstorage:blocks/side",
    "top": "refinedstorage:blocks/side",
    "side": "refinedstorage:blocks/side"
  },
  "elements": [
    {
      "from": [
        0,
        0,
        0
      ],
      "to": [
        16,
        16,
        16
      ],
      "faces": {
        "down": {
          "texture": "#bottom",
          "cullface": "down"
        },
        "up": {
          "texture": "#top",
          "cullface": "up"
        },
        "north": {
          "texture": "#front",
          "cullface": "north"
        },
        "south": {
          "texture": "#side",
          "cullface": "south"
        },
        "west": {
          "texture": "#side",
          "cullface": "west"
        },
        "east": {
          "texture": "#side",
          "cullface": "east"
        }
      }
    }
  ]
}
