{
  "__comment": "Model generated using MrCrayfish's Model Creator (http://mrcrayfish.com/modelcreator/)",
  "textures": {
    "0": "refinedstorage:blocks/cable_new"
  },
  "elements": [
    {
      "name": "Core",
      "from": [
        6.0,
        6.0,
        6.0
      ],
      "to": [
        10.0,
        10.0,
        10.0
      ],
      "faces": {
        "north": {
          "texture": "#0",
          "uv": [
            6.0,
            6.0,
            10.0,
            10.0
          ]
        },
        "east": {
          "texture": "#0",
          "uv": [
            6.0,
            6.0,
            10.0,
            10.0
          ]
        },
        "south": {
          "texture": "#0",
          "uv": [
            6.0,
            6.0,
            10.0,
            10.0
          ]
        },
        "west": {
          "texture": "#0",
          "uv": [
            6.0,
            6.0,
            10.0,
            10.0
          ]
        },
        "up": {
          "texture": "#0",
          "uv": [
            6.0,
            6.0,
            10.0,
            10.0
          ]
        },
        "down": {
          "texture": "#0",
          "uv": [
            6.0,
            6.0,
            10.0,
            10.0
          ]
        }
      }
    }
  ]
}