{
  "forge_marker": 1,
  "defaults": {
    "textures": {
      "particle": "refinedstorage:blocks/detector_top",
      "torch": "refinedstorage:blocks/detector_side_off"
    },
    "model": "refinedstorage:detector"
  },
  "variants": {
    "inventory": [
      {
        "transform": "forge:default-block"
      }
    ],
    "powered": {
      "true": {
        "textures": {
          "torch": "refinedstorage:blocks/detector_side_on",
          "2": "refinedstorage:blocks/detector_side_on"
        }
      },
      "false": {
      }
    }
  }
}
