{
  "forge_marker": 1,
  "defaults": {
    "model": "cube",
    "textures": {
      "particle": "refinedstorage:blocks/disk_drive",
      // "down": "refinedstorage:blocks/disk_drive_bottom",
      "down": "refinedstorage:blocks/bottom",
      "up": "refinedstorage:blocks/disk_drive_top",
      "north": "refinedstorage:blocks/disk_drive",
      "east": "refinedstorage:blocks/disk_drive_side",
      "south": "refinedstorage:blocks/disk_drive_side",
      "west": "refinedstorage:blocks/disk_drive_side"
    }
  },
  "variants": {
    "inventory": [
      {
        "y": 0
      }
    ],
    "direction": {
      "north": {
        "y": 0
      },
      "east": {
        "y": 90
      },
      "south": {
        "y": 180
      },
      "west": {
        "y": 270
      },
      "up": {
        "x": 270
      },
      "down": {
        "x": 90
      }
    }
  }
}
