{
  "__comment": "Model made by CyanideX",
  "textures": {
    "2": "refinedstorage:blocks/detector_side_off",
    "3": "refinedstorage:blocks/detector_top",
    "4": "refinedstorage:blocks/detector_bottom"
  },
  "elements": [
    {
      "name": "Element",
      "from": [
        7.0,
        5.0,
        7.0
      ],
      "to": [
        9.0,
        10.0,
        9.0
      ],
      "shade": false,
      "faces": {
        "north": {
          "texture": "#torch",
          "uv": [
            7.0,
            5.0,
            9.0,
            11.0
          ]
        },
        "east": {
          "texture": "#torch",
          "uv": [
            7.0,
            5.0,
            9.0,
            11.0
          ]
        },
        "south": {
          "texture": "#torch",
          "uv": [
            7.0,
            5.0,
            9.0,
            11.0
          ]
        },
        "west": {
          "texture": "#torch",
          "uv": [
            7.0,
            5.0,
            9.0,
            11.0
          ]
        },
        "up": {
          "texture": "#torch",
          "uv": [
            7.0,
            5.0,
            9.0,
            7.0
          ]
        },
        "down": {
          "texture": "#torch",
          "uv": [
            7.0,
            7.0,
            9.0,
            9.0
          ]
        }
      }
    },
    {
      "name": "Element",
      "from": [
        7.0,
        5.0,
        6.0
      ],
      "to": [
        9.0,
        11.0,
        10.0
      ],
      "shade": false,
      "faces": {
        "east": {
          "texture": "#torch",
          "uv": [
            6.0,
            4.0,
            10.0,
            11.0
          ]
        },
        "west": {
          "texture": "#torch",
          "uv": [
            6.0,
            4.0,
            10.0,
            11.0
          ]
        }
      }
    },
    {
      "name": "Element",
      "from": [
        6.0,
        5.0,
        7.0
      ],
      "to": [
        10.0,
        11.0,
        9.0
      ],
      "shade": false,
      "faces": {
        "north": {
          "texture": "#torch",
          "uv": [
            6.0,
            4.0,
            10.0,
            11.0
          ]
        },
        "south": {
          "texture": "#torch",
          "uv": [
            6.0,
            4.0,
            10.0,
            11.0
          ]
        }
      }
    },
    {
      "name": "base",
      "from": [
        0.0,
        0.0,
        0.0
      ],
      "to": [
        16.0,
        5.0,
        16.0
      ],
      "faces": {
        "north": {
          "texture": "#2",
          "uv": [
            0.0,
            11.0,
            16.0,
            16.0
          ]
        },
        "east": {
          "texture": "#2",
          "uv": [
            0.0,
            11.0,
            16.0,
            16.0
          ]
        },
        "south": {
          "texture": "#2",
          "uv": [
            0.0,
            11.0,
            16.0,
            16.0
          ]
        },
        "west": {
          "texture": "#2",
          "uv": [
            0.0,
            11.0,
            16.0,
            16.0
          ]
        },
        "up": {
          "texture": "#3",
          "uv": [
            0.0,
            0.0,
            16.0,
            16.0
          ]
        },
        "down": {
          "texture": "#4",
          "uv": [
            0.0,
            0.0,
            16.0,
            16.0
          ]
        }
      }
    }
  ]
}