{
  "__comment": "Model generated using MrCrayfish's Model Creator (http://mrcrayfish.com/modelcreator/)",
  "textures": {
  },
  "elements": [
    {
      "name": "Line1",
      "from": [
        10.0,
        7.0,
        7.0
      ],
      "to": [
        14.0,
        9.0,
        9.0
      ],
      "faces": {
        "north": {
          "texture": "#line",
          "uv": [
            0.0,
            0.0,
            4.0,
            4.0
          ]
        },
        "east": {
          "texture": "#line",
          "uv": [
            0.0,
            0.0,
            2.0,
            4.0
          ]
        },
        "south": {
          "texture": "#line",
          "uv": [
            0.0,
            0.0,
            4.0,
            4.0
          ]
        },
        "west": {
          "texture": "#line",
          "uv": [
            0.0,
            0.0,
            2.0,
            4.0
          ]
        },
        "up": {
          "texture": "#line",
          "uv": [
            0.0,
            0.0,
            4.0,
            2.0
          ]
        },
        "down": {
          "texture": "#line",
          "uv": [
            0.0,
            0.0,
            4.0,
            2.0
          ]
        }
      }
    },
    {
      "name": "Line2",
      "from": [
        14.0,
        3.0,
        3.0
      ],
      "to": [
        16.0,
        13.0,
        13.0
      ],
      "faces": {
        "north": {
          "texture": "#line",
          "uv": [
            0.0,
            0.0,
            10.0,
            10.0
          ]
        },
        "east": {
          "texture": "#line",
          "uv": [
            0.0,
            0.0,
            2.0,
            10.0
          ]
        },
        "south": {
          "texture": "#line",
          "uv": [
            0.0,
            0.0,
            10.0,
            10.0
          ]
        },
        "west": {
          "texture": "#line",
          "uv": [
            0.0,
            0.0,
            2.0,
            10.0
          ]
        },
        "up": {
          "texture": "#line",
          "uv": [
            0.0,
            0.0,
            10.0,
            2.0
          ]
        },
        "down": {
          "texture": "#line",
          "uv": [
            0.0,
            0.0,
            10.0,
            2.0
          ]
        }
      }
    }
  ]
}