{
  "__comment": "Model made by CyanideX",
  "textures": {
    "0": "refinedstorage:blocks/solderer_side",
    "1": "refinedstorage:blocks/solderer_top",
    "2": "refinedstorage:blocks/solderer_bottom",
    "3": "refinedstorage:blocks/solderer_middle",
    "4": "refinedstorage:blocks/solderer_roof",
    "5": "refinedstorage:blocks/solderer_elements"
  },
  "elements": [
    {
      "name": "Bottom",
      "from": [
        0.0,
        0.0,
        0.0
      ],
      "to": [
        16.0,
        5.0,
        16.0
      ],
      "faces": {
        "north": {
          "texture": "#0",
          "uv": [
            0.0,
            11.0,
            16.0,
            16.0
          ]
        },
        "east": {
          "texture": "#0",
          "uv": [
            0.0,
            11.0,
            16.0,
            16.0
          ]
        },
        "south": {
          "texture": "#0",
          "uv": [
            0.0,
            11.0,
            16.0,
            16.0
          ]
        },
        "west": {
          "texture": "#0",
          "uv": [
            0.0,
            11.0,
            16.0,
            16.0
          ]
        },
        "up": {
          "texture": "#1",
          "uv": [
            0.0,
            0.0,
            16.0,
            16.0
          ]
        },
        "down": {
          "texture": "#2",
          "uv": [
            0.0,
            0.0,
            16.0,
            16.0
          ]
        }
      }
    },
    {
      "name": "Divider",
      "from": [
        1.0,
        5.0,
        1.0
      ],
      "to": [
        15.0,
        6.0,
        15.0
      ],
      "faces": {
        "north": {
          "texture": "#0",
          "uv": [
            1.0,
            10.0,
            15.0,
            11.0
          ]
        },
        "east": {
          "texture": "#0",
          "uv": [
            1.0,
            10.0,
            15.0,
            11.0
          ]
        },
        "south": {
          "texture": "#0",
          "uv": [
            1.0,
            10.0,
            15.0,
            11.0
          ]
        },
        "west": {
          "texture": "#0",
          "uv": [
            1.0,
            10.0,
            15.0,
            11.0
          ]
        },
        "up": {
          "texture": "#3",
          "uv": [
            2.0,
            2.0,
            14.0,
            14.0
          ]
        },
        "down": {
          "texture": "#3",
          "uv": [
            2.0,
            2.0,
            14.0,
            14.0
          ]
        }
      }
    },
    {
      "name": "Middle",
      "from": [
        0.0,
        6.0,
        0.0
      ],
      "to": [
        16.0,
        7.0,
        16.0
      ],
      "faces": {
        "north": {
          "texture": "#0",
          "uv": [
            0.0,
            9.0,
            16.0,
            10.0
          ]
        },
        "east": {
          "texture": "#0",
          "uv": [
            0.0,
            9.0,
            16.0,
            10.0
          ]
        },
        "south": {
          "texture": "#0",
          "uv": [
            0.0,
            9.0,
            16.0,
            10.0
          ]
        },
        "west": {
          "texture": "#0",
          "uv": [
            0.0,
            9.0,
            16.0,
            10.0
          ]
        },
        "up": {
          "texture": "#3",
          "uv": [
            0.0,
            0.0,
            16.0,
            16.0
          ]
        },
        "down": {
          "texture": "#2",
          "uv": [
            0.0,
            0.0,
            16.0,
            16.0
          ]
        }
      }
    },
    {
      "name": "Top",
      "from": [
        0.0,
        13.0,
        0.0
      ],
      "to": [
        16.0,
        16.0,
        16.0
      ],
      "faces": {
        "north": {
          "texture": "#0",
          "uv": [
            0.0,
            0.0,
            16.0,
            3.0
          ]
        },
        "east": {
          "texture": "#0",
          "uv": [
            0.0,
            0.0,
            16.0,
            3.0
          ]
        },
        "south": {
          "texture": "#0",
          "uv": [
            0.0,
            0.0,
            16.0,
            3.0
          ]
        },
        "west": {
          "texture": "#0",
          "uv": [
            0.0,
            0.0,
            16.0,
            3.0
          ]
        },
        "up": {
          "texture": "#1",
          "uv": [
            0.0,
            0.0,
            16.0,
            16.0
          ]
        },
        "down": {
          "texture": "#4",
          "uv": [
            0.0,
            0.0,
            16.0,
            16.0
          ]
        }
      }
    },
    {
      "name": "Tray",
      "from": [
        4.0,
        6.5,
        4.0
      ],
      "to": [
        12.0,
        7.5,
        12.0
      ],
      "faces": {
        "north": {
          "texture": "#0",
          "uv": [
            4.0,
            8.0,
            12.0,
            9.0
          ]
        },
        "east": {
          "texture": "#0",
          "uv": [
            4.0,
            8.0,
            12.0,
            9.0
          ]
        },
        "south": {
          "texture": "#0",
          "uv": [
            4.0,
            8.0,
            12.0,
            9.0
          ]
        },
        "west": {
          "texture": "#0",
          "uv": [
            4.0,
            8.0,
            12.0,
            9.0
          ]
        },
        "up": {
          "texture": "#5",
          "uv": [
            6.0,
            4.0,
            14.0,
            12.0
          ]
        },
        "down": {
          "texture": "#5",
          "uv": [
            6.0,
            4.0,
            14.0,
            12.0
          ]
        }
      }
    },
    {
      "name": "Pipe1",
      "from": [
        1.0,
        7.0,
        1.0
      ],
      "to": [
        2.0,
        13.0,
        2.0
      ],
      "faces": {
        "north": {
          "texture": "#0",
          "uv": [
            1.0,
            3.0,
            2.0,
            9.0
          ]
        },
        "east": {
          "texture": "#0",
          "uv": [
            14.0,
            3.0,
            15.0,
            9.0
          ]
        },
        "south": {
          "texture": "#0",
          "uv": [
            1.0,
            3.0,
            2.0,
            9.0
          ]
        },
        "west": {
          "texture": "#0",
          "uv": [
            14.0,
            3.0,
            15.0,
            9.0
          ]
        },
        "up": {
          "texture": "#0",
          "uv": [
            0.0,
            0.0,
            1.0,
            1.0
          ]
        },
        "down": {
          "texture": "#0",
          "uv": [
            0.0,
            0.0,
            1.0,
            1.0
          ]
        }
      }
    },
    {
      "name": "Track1",
      "from": [
        2.0,
        11.0,
        2.0
      ],
      "to": [
        3.0,
        13.0,
        14.0
      ],
      "faces": {
        "north": {
          "texture": "#0",
          "uv": [
            2.0,
            3.0,
            3.0,
            5.0
          ]
        },
        "east": {
          "texture": "#0",
          "uv": [
            2.0,
            3.0,
            14.0,
            5.0
          ]
        },
        "south": {
          "texture": "#0",
          "uv": [
            13.0,
            3.0,
            14.0,
            5.0
          ]
        },
        "west": {
          "texture": "#0",
          "uv": [
            2.0,
            3.0,
            14.0,
            5.0
          ]
        },
        "up": {
          "texture": "#5",
          "uv": [
            2.0,
            2.0,
            3.0,
            14.0
          ]
        },
        "down": {
          "texture": "#5",
          "uv": [
            3.0,
            2.0,
            2.0,
            14.0
          ]
        }
      }
    },
    {
      "name": "Track2",
      "from": [
        13.0,
        11.0,
        2.0
      ],
      "to": [
        14.0,
        13.0,
        14.0
      ],
      "faces": {
        "north": {
          "texture": "#0",
          "uv": [
            2.0,
            3.0,
            3.0,
            5.0
          ]
        },
        "east": {
          "texture": "#0",
          "uv": [
            2.0,
            3.0,
            14.0,
            5.0
          ]
        },
        "south": {
          "texture": "#0",
          "uv": [
            14.0,
            3.0,
            13.0,
            5.0
          ]
        },
        "west": {
          "texture": "#0",
          "uv": [
            2.0,
            3.0,
            14.0,
            5.0
          ]
        },
        "up": {
          "texture": "#5",
          "uv": [
            2.0,
            2.0,
            3.0,
            14.0
          ]
        },
        "down": {
          "texture": "#5",
          "uv": [
            3.0,
            2.0,
            4.0,
            14.0
          ]
        }
      }
    },
    {
      "name": "Track3",
      "from": [
        3.0,
        11.5,
        6.0
      ],
      "to": [
        13.0,
        12.5,
        7.0
      ],
      "faces": {
        "north": {
          "texture": "#0",
          "uv": [
            3.0,
            1.0,
            13.0,
            2.0
          ]
        },
        "east": {
          "texture": "#0",
          "uv": [
            1.0,
            0.0,
            2.0,
            1.0
          ]
        },
        "south": {
          "texture": "#0",
          "uv": [
            3.0,
            1.0,
            13.0,
            2.0
          ]
        },
        "west": {
          "texture": "#0",
          "uv": [
            1.0,
            0.0,
            2.0,
            1.0
          ]
        },
        "up": {
          "texture": "#0",
          "uv": [
            3.0,
            1.0,
            13.0,
            2.0
          ]
        },
        "down": {
          "texture": "#0",
          "uv": [
            3.0,
            14.0,
            13.0,
            15.0
          ]
        }
      }
    },
    {
      "name": "Pipe2",
      "from": [
        14.0,
        7.0,
        1.0
      ],
      "to": [
        15.0,
        13.0,
        2.0
      ],
      "faces": {
        "north": {
          "texture": "#0",
          "uv": [
            1.0,
            3.0,
            2.0,
            9.0
          ]
        },
        "east": {
          "texture": "#0",
          "uv": [
            14.0,
            3.0,
            15.0,
            9.0
          ]
        },
        "south": {
          "texture": "#0",
          "uv": [
            1.0,
            3.0,
            2.0,
            9.0
          ]
        },
        "west": {
          "texture": "#0",
          "uv": [
            14.0,
            3.0,
            15.0,
            9.0
          ]
        },
        "up": {
          "texture": "#0",
          "uv": [
            0.0,
            0.0,
            1.0,
            1.0
          ]
        },
        "down": {
          "texture": "#0",
          "uv": [
            0.0,
            0.0,
            1.0,
            1.0
          ]
        }
      }
    },
    {
      "name": "Pipe3",
      "from": [
        14.0,
        7.0,
        14.0
      ],
      "to": [
        15.0,
        13.0,
        15.0
      ],
      "faces": {
        "north": {
          "texture": "#0",
          "uv": [
            1.0,
            3.0,
            2.0,
            9.0
          ]
        },
        "east": {
          "texture": "#0",
          "uv": [
            14.0,
            3.0,
            15.0,
            9.0
          ]
        },
        "south": {
          "texture": "#0",
          "uv": [
            1.0,
            3.0,
            2.0,
            9.0
          ]
        },
        "west": {
          "texture": "#0",
          "uv": [
            14.0,
            3.0,
            15.0,
            9.0
          ]
        },
        "up": {
          "texture": "#0",
          "uv": [
            0.0,
            0.0,
            1.0,
            1.0
          ]
        },
        "down": {
          "texture": "#0",
          "uv": [
            0.0,
            0.0,
            1.0,
            1.0
          ]
        }
      }
    },
    {
      "name": "Pipe4",
      "from": [
        1.0,
        7.0,
        14.0
      ],
      "to": [
        2.0,
        13.0,
        15.0
      ],
      "faces": {
        "north": {
          "texture": "#0",
          "uv": [
            1.0,
            3.0,
            2.0,
            9.0
          ]
        },
        "east": {
          "texture": "#0",
          "uv": [
            14.0,
            3.0,
            15.0,
            9.0
          ]
        },
        "south": {
          "texture": "#0",
          "uv": [
            1.0,
            3.0,
            2.0,
            9.0
          ]
        },
        "west": {
          "texture": "#0",
          "uv": [
            14.0,
            3.0,
            15.0,
            9.0
          ]
        },
        "up": {
          "texture": "#0",
          "uv": [
            0.0,
            0.0,
            1.0,
            1.0
          ]
        },
        "down": {
          "texture": "#0",
          "uv": [
            0.0,
            0.0,
            1.0,
            1.0
          ]
        }
      }
    },
    {
      "name": "Ring",
      "from": [
        6.0,
        11.0,
        5.5
      ],
      "to": [
        7.0,
        13.0,
        7.5
      ],
      "faces": {
        "north": {
          "texture": "#0",
          "uv": [
            13.0,
            5.0,
            14.0,
            7.0
          ]
        },
        "east": {
          "texture": "#0",
          "uv": [
            12.0,
            5.0,
            14.0,
            7.0
          ]
        },
        "south": {
          "texture": "#0",
          "uv": [
            13.0,
            5.0,
            14.0,
            7.0
          ]
        },
        "west": {
          "texture": "#0",
          "uv": [
            12.0,
            7.0,
            14.0,
            9.0
          ]
        },
        "up": {
          "texture": "#0",
          "uv": [
            12.0,
            6.0,
            13.0,
            8.0
          ]
        },
        "down": {
          "texture": "#0",
          "uv": [
            12.0,
            6.0,
            13.0,
            8.0
          ]
        }
      }
    },
    {
      "name": "Solderer",
      "from": [
        6.0,
        8.0,
        6.0
      ],
      "to": [
        7.0,
        11.0,
        7.0
      ],
      "faces": {
        "north": {
          "texture": "#0",
          "uv": [
            3.0,
            5.0,
            4.0,
            9.0
          ]
        },
        "east": {
          "texture": "#0",
          "uv": [
            2.0,
            5.0,
            3.0,
            9.0
          ]
        },
        "south": {
          "texture": "#0",
          "uv": [
            3.0,
            5.0,
            4.0,
            9.0
          ]
        },
        "west": {
          "texture": "#0",
          "uv": [
            2.0,
            5.0,
            3.0,
            9.0
          ]
        },
        "up": {
          "texture": "#0",
          "uv": [
            0.0,
            0.0,
            1.0,
            1.0
          ]
        },
        "down": {
          "texture": "#0",
          "uv": [
            3.0,
            8.0,
            4.0,
            9.0
          ]
        }
      }
    }
  ]
}