{
  "forge_marker": 1,
  "defaults": {
    "textures": {
      "all": "refinedstorage:blocks/cable_new",
      "particle": "refinedstorage:blocks/cable_new"
    },
    "model": "refinedstorage:cable_core",
    "uvlock": true
  },
  "variants": {
    "inventory": [
      {
        "model": "refinedstorage:cable",
        "transform": "forge:default-block"
      }
    ],
    "north": {
      "true": {
        "submodel": "refinedstorage:cable_north"
      },
      "false": {
      }
    },
    "east": {
      "true": {
        "submodel": "refinedstorage:cable_east"
      },
      "false": {
      }
    },
    "south": {
      "true": {
        "submodel": "refinedstorage:cable_south"
      },
      "false": {
      }
    },
    "west": {
      "true": {
        "submodel": "refinedstorage:cable_west"
      },
      "false": {
      }
    },
    "up": {
      "true": {
        "submodel": "refinedstorage:cable_up"
      },
      "false": {
      }
    },
    "down": {
      "true": {
        "submodel": "refinedstorage:cable_down"
      },
      "false": {
      }
    }
  }
}