{
  "forge_marker": 1,
  "defaults": {
    "model": "refinedstorage:solderer",
    "textures": {
      "particle": "refinedstorage:blocks/solderer_top"
    },
    "uvlock": false
  },
  "variants": {
    "inventory": [
      {
        "transform": "forge:default-block"
      }
    ],
    "direction": {
      "north": {
        "y": 0
      },
      "east": {
        "y": 90
      },
      "south": {
        "y": 180
      },
      "west": {
        "y": 270
      },
      "up": {
        "x": 270
      },
      "down": {
        "x": 90
      }
    }
  }
}