{
  "forge_marker": 1,
  "defaults": {
    "model": "cube",
    "textures": {
      "particle": "refinedstorage:blocks/processing_pattern_encoder",
      "down": "refinedstorage:blocks/side",
      "up": "refinedstorage:blocks/processing_pattern_encoder",
      "north": "refinedstorage:blocks/processing_pattern_encoder_side",
      "east": "refinedstorage:blocks/processing_pattern_encoder_side",
      "south": "refinedstorage:blocks/processing_pattern_encoder_side",
      "west": "refinedstorage:blocks/processing_pattern_encoder_side"
    }
  },
  "variants": {
    "inventory": [
      {
        "transform": "forge:default-block",
        "y": 0
      }
    ],
    "normal": {
      "model": "cube"
    }
  }
}