{
  "forge_marker": 1,
  "defaults": {
    "textures": {
      "cable": "refinedstorage:blocks/cable",
      "particle": "refinedstorage:blocks/cable",
      "front": "refinedstorage:blocks/writer",
      "connector": "refinedstorage:blocks/importer",
      "body_front": "refinedstorage:blocks/constructor_rear",
      "body_side": "refinedstorage:blocks/constructor_side"
    },
    "model": "refinedstorage:cable_core"
  },
  "variants": {
    "inventory": [
      {
        "model": "refinedstorage:constructor_destructor_item",
        "transform": "forge:default-block"
      }
    ],
    "connected": {
      "true": {
      },
      "false": {
      }
    },
    "direction": {
      "north": {
        "submodel": "refinedstorage:constructor_destructor"
      },
      "east": {
        "submodel": "refinedstorage:constructor_destructor",
        "y": 90
      },
      "south": {
        "submodel": "refinedstorage:constructor_destructor",
        "x": 180
      },
      "west": {
        "submodel": "refinedstorage:constructor_destructor",
        "y": 270
      },
      "up": {
        "submodel": "refinedstorage:constructor_destructor",
        "x": 270
      },
      "down": {
        "submodel": "refinedstorage:constructor_destructor",
        "x": 90
      }
    },
    "north": {
      "true": {
        "submodel": "refinedstorage:cable_extension"
      },
      "false": {
      }
    },
    "east": {
      "true": {
        "submodel": "refinedstorage:cable_extension",
        "y": 90
      },
      "false": {
      }
    },
    "south": {
      "true": {
        "submodel": "refinedstorage:cable_extension",
        "x": 180
      },
      "false": {
      }
    },
    "west": {
      "true": {
        "submodel": "refinedstorage:cable_extension",
        "y": 270
      },
      "false": {
      }
    },
    "up": {
      "true": {
        "submodel": "refinedstorage:cable_extension",
        "x": 270
      },
      "false": {
      }
    },
    "down": {
      "true": {
        "submodel": "refinedstorage:cable_extension",
        "x": 90
      },
      "false": {
      }
    }
  }
}
