{
    "__comment": "Model generated using MrCrayfish's Model Creator (http://mrcrayfish.com/modelcreator/)",
    "elements": [
        {
            "name": "Line1",
            "from": [ 6.0, 6.0, 4.0 ],
            "to": [ 10.0, 10.0, 6.0 ],
            "faces": {
                "east":  { "texture": "#0", "uv": [ 0.0, 2.0, 4.0, 4.0 ], "rotation": 90 },
                "south": { "texture": "#0", "uv": [ 0.0, 4.0, 4.0, 8.0 ] },
                "west":  { "texture": "#0", "uv": [ 0.0, 2.0, 4.0, 4.0 ], "rotation": 90 },
                "up":    { "texture": "#0", "uv": [ 0.0, 2.0, 4.0, 4.0 ], "rotation": 180 },
                "down":  { "texture": "#0", "uv": [ 0.0, 2.0, 4.0, 4.0 ] }
            }
        },
        {
            "name": "Line2",
            "from": [ 5.0, 5.0, 2.0 ],
            "to": [ 11.0, 11.0, 4.0 ],
            "faces": {
                "east":  { "texture": "#0", "uv": [ 0.0, 8.0, 6.0, 10.0 ], "rotation": 90 },
                "south": { "texture": "#0", "uv": [ 0.0, 10.0, 6.0, 16.0 ] },
                "west":  { "texture": "#0", "uv": [ 0.0, 8.0, 6.0, 10.0 ], "rotation": 90 },
                "up":    { "texture": "#0", "uv": [ 0.0, 8.0, 6.0, 10.0 ], "rotation": 180 },
                "down":  { "texture": "#0", "uv": [ 0.0, 8.0, 6.0, 10.0 ] }
            }
        },
        {
            "name": "Line3",
            "from": [ 3.0, 3.0, 0.0 ],
            "to": [ 13.0, 13.0, 2.0 ],
            "faces": {
                "north": { "texture": "#0", "uv": [ 6.0, 6.0, 16.0, 16.0 ] },
                "east":  { "texture": "#0", "uv": [ 6.0, 4.0, 16.0, 6.0 ], "rotation": 90 },
                "south": { "texture": "#0", "uv": [ 6.0, 6.0, 16.0, 16.0 ] },
                "west":  { "texture": "#0", "uv": [ 6.0, 4.0, 16.0, 6.0 ], "rotation": 90 },
                "up":    { "texture": "#0", "uv": [ 6.0, 4.0, 16.0, 6.0 ], "rotation": 180 },
                "down":  { "texture": "#0", "uv": [ 6.0, 4.0, 16.0, 6.0 ] }
            }
        },
        {
            "name": "Core",
            "from": [ 6.0, 6.0, 6.0 ],
            "to": [ 10.0, 10.0, 10.0 ],
            "faces": {
                "north": { "texture": "#cable", "uv": [ 6.0, 6.0, 10.0, 10.0 ] },
                "east":  { "texture": "#cable", "uv": [ 6.0, 6.0, 10.0, 10.0 ] },
                "south": { "texture": "#cable", "uv": [ 6.0, 6.0, 10.0, 10.0 ] },
                "west":  { "texture": "#cable", "uv": [ 6.0, 6.0, 10.0, 10.0 ] },
                "up":    { "texture": "#cable", "uv": [ 6.0, 6.0, 10.0, 10.0 ] },
                "down": {
                    "texture": "#cable",
                "uv": [ 6.0, 6.0, 10.0, 10.0 ] }
            }
        },
        {
            "name": "East",
            "from": [ 10.0, 6.0, 6.0 ],
            "to": [ 16.0, 10.0, 10.0 ],
            "faces": {
                "north": { "texture": "#cable", "uv": [ 0.0, 6.0, 6.0, 10.0 ] },
                "east":  { "texture": "#cable", "uv": [ 6.0, 6.0, 10.0, 10.0 ] },
                "south": { "texture": "#cable", "uv": [ 10.0, 6.0, 16.0, 10.0 ] },
                "west":  { "texture": "#cable", "uv": [ 6.0, 6.0, 10.0, 10.0 ] },
                "up":    { "texture": "#cable", "uv": [ 6.0, 6.0, 10.0, 0.0 ], "rotation": 270 },
                "down":  { "texture": "#cable", "uv": [ 6.0, 10.0, 10.0, 16.0 ], "rotation": 270 }
            }
        },
        {
            "name": "West",
            "from": [ 0.0, 6.0, 6.0 ],
            "to": [ 6.0, 10.0, 10.0 ],
            "faces": {
                "north": { "texture": "#cable", "uv": [ 10.0, 6.0, 16.0, 10.0 ] },
                "east":  { "texture": "#cable", "uv": [ 6.0, 6.0, 10.0, 10.0 ] },
                "south": { "texture": "#cable", "uv": [ 0.0, 6.0, 6.0, 10.0 ] },
                "west":  { "texture": "#cable", "uv": [ 6.0, 6.0, 10.0, 10.0 ] },
                "up":    { "texture": "#cable", "uv": [ 10.0, 6.0, 6.0, 0.0 ], "rotation": 90 },
                "down":  { "texture": "#cable", "uv": [ 6.0, 10.0, 10.0, 16.0 ], "rotation": 90 }
            }
        }
    ]
}
