{
  "__comment": "Model generated using MrCrayfish's Model Creator (http://mrcrayfish.com/modelcreator/)",
  "elements": [
    {
      "name": "Line1",
      "from": [
        2.0,
        7.0,
        7.0
      ],
      "to": [
        6.0,
        9.0,
        9.0
      ],
      "faces": {
        "north": {
          "texture": "#line",
          "uv": [
            0.0,
            0.0,
            4.0,
            4.0
          ]
        },
        "east": {
          "texture": "#line",
          "uv": [
            0.0,
            0.0,
            2.0,
            4.0
          ]
        },
        "south": {
          "texture": "#line",
          "uv": [
            0.0,
            0.0,
            4.0,
            4.0
          ]
        },
        "west": {
          "texture": "#line",
          "uv": [
            0.0,
            0.0,
            2.0,
            4.0
          ]
        },
        "up": {
          "texture": "#line",
          "uv": [
            0.0,
            0.0,
            4.0,
            2.0
          ]
        },
        "down": {
          "texture": "#line",
          "uv": [
            0.0,
            0.0,
            4.0,
            2.0
          ]
        }
      }
    },
    {
      "name": "Line2",
      "from": [
        0.0,
        0.0,
        0.0
      ],
      "to": [
        2.0,
        16.0,
        16.0
      ],
      "faces": {
        "north": {
          "texture": "#line",
          "uv": [
            0.0,
            0.0,
            16.0,
            16.0
          ]
        },
        "east": {
          "texture": "#line",
          "uv": [
            0.0,
            0.0,
            16.0,
            16.0
          ]
        },
        "south": {
          "texture": "#line",
          "uv": [
            0.0,
            0.0,
            16.0,
            16.0
          ]
        },
        "west": {
          "texture": "#front",
          "uv": [
            0.0,
            0.0,
            16.0,
            16.0
          ]
        },
        "up": {
          "texture": "#line",
          "uv": [
            0.0,
            0.0,
            16.0,
            16.0
          ]
        },
        "down": {
          "texture": "#line",
          "uv": [
            0.0,
            0.0,
            16.0,
            16.0
          ]
        }
      }
    }
  ]
}