{
  "__comment": "Model generated using MrCrayfish's Model Creator (http://mrcrayfish.com/modelcreator/)",
  "textures": {
    "0": "refinedstorage:blocks/disk_near_capacity"
  },
  "elements": [
    {
      "name": "disk",
      "from": [
        11.0,
        14.0,
        -1.0
      ],
      "to": [
        16.0,
        16.0,
        0.0
      ],
      "faces": {
        "north": {
          "texture": "#0",
          "uv": [
            3.0,
            0.0,
            8.0,
            2.0
          ]
        },
        "east": {
          "texture": "#0",
          "uv": [
            2.0,
            0.0,
            3.0,
            2.0
          ]
        },
        "south": {
          "texture": "#0",
          "uv": [
            9.0,
            0.0,
            14.0,
            2.0
          ]
        },
        "west": {
          "texture": "#0",
          "uv": [
            8.0,
            0.0,
            9.0,
            2.0
          ]
        },
        "up": {
          "texture": "#0",
          "uv": [
            3.0,
            2.0,
            8.0,
            3.0
          ]
        },
        "down": {
          "texture": "#0",
          "uv": [
            3.0,
            3.0,
            8.0,
            4.0
          ]
        }
      }
    },
    {
      "name": "led",
      "from": [
        12.0,
        13.95,
        -1.05
      ],
      "to": [
        13.0,
        15.0,
        -0.10000000000000009
      ],
      "faces": {
        "north": {
          "texture": "#0",
          "uv": [
            14.0,
            1.0,
            15.0,
            2.0
          ]
        },
        "east": {
          "texture": "#0",
          "uv": [
            14.0,
            1.0,
            15.0,
            2.0
          ]
        },
        "south": {
          "texture": "#0",
          "uv": [
            14.0,
            1.0,
            15.0,
            2.0
          ]
        },
        "west": {
          "texture": "#0",
          "uv": [
            14.0,
            1.0,
            15.0,
            2.0
          ]
        },
        "up": {
          "texture": "#0",
          "uv": [
            14.0,
            1.0,
            15.0,
            2.0
          ]
        },
        "down": {
          "texture": "#0",
          "uv": [
            14.0,
            1.0,
            15.0,
            2.0
          ]
        }
      }
    }
  ]
}