{
  "__comment": "Model generated using MrCrayfish's Model Creator (http://mrcrayfish.com/modelcreator/)",
  "textures": {
  },
  "elements": [
    {
      "name": "Line1",
      "from": [
        6.0,
        4.0,
        6.0
      ],
      "to": [
        10.0,
        6.0,
        10.0
      ],
      "faces": {
        "north": {
          "texture": "#line",
          "uv": [
            0.0,
            0.0,
            4.0,
            2.0
          ]
        },
        "east": {
          "texture": "#line",
          "uv": [
            0.0,
            0.0,
            4.0,
            2.0
          ]
        },
        "south": {
          "texture": "#line",
          "uv": [
            0.0,
            0.0,
            4.0,
            2.0
          ]
        },
        "west": {
          "texture": "#line",
          "uv": [
            0.0,
            0.0,
            4.0,
            2.0
          ]
        },
        "up": {
          "texture": "#line",
          "uv": [
            0.0,
            0.0,
            4.0,
            4.0
          ]
        },
        "down": {
          "texture": "#line",
          "uv": [
            0.0,
            0.0,
            4.0,
            4.0
          ]
        }
      }
    },
    {
      "name": "Line2",
      "from": [
        5.0,
        2.0,
        5.0
      ],
      "to": [
        11.0,
        4.0,
        11.0
      ],
      "faces": {
        "north": {
          "texture": "#line",
          "uv": [
            0.0,
            0.0,
            6.0,
            2.0
          ]
        },
        "east": {
          "texture": "#line",
          "uv": [
            0.0,
            0.0,
            6.0,
            2.0
          ]
        },
        "south": {
          "texture": "#line",
          "uv": [
            0.0,
            0.0,
            6.0,
            2.0
          ]
        },
        "west": {
          "texture": "#line",
          "uv": [
            0.0,
            0.0,
            6.0,
            2.0
          ]
        },
        "up": {
          "texture": "#line",
          "uv": [
            0.0,
            0.0,
            6.0,
            6.0
          ]
        },
        "down": {
          "texture": "#line",
          "uv": [
            0.0,
            0.0,
            6.0,
            6.0
          ]
        }
      }
    },
    {
      "name": "Line3",
      "from": [
        3.0,
        0.0,
        3.0
      ],
      "to": [
        13.0,
        2.0,
        13.0
      ],
      "faces": {
        "north": {
          "texture": "#line",
          "uv": [
            0.0,
            0.0,
            10.0,
            2.0
          ]
        },
        "east": {
          "texture": "#line",
          "uv": [
            0.0,
            0.0,
            10.0,
            2.0
          ]
        },
        "south": {
          "texture": "#line",
          "uv": [
            0.0,
            0.0,
            10.0,
            2.0
          ]
        },
        "west": {
          "texture": "#line",
          "uv": [
            0.0,
            0.0,
            10.0,
            2.0
          ]
        },
        "up": {
          "texture": "#line",
          "uv": [
            0.0,
            0.0,
            10.0,
            10.0
          ]
        },
        "down": {
          "texture": "#line",
          "uv": [
            0.0,
            0.0,
            10.0,
            10.0
          ]
        }
      }
    }
  ]
}